ID,Title,Priority,Status,Due Date,Project
1,Write project proposal,High,In Progress,2026-11-20,Research Paper
10,Write project proposal,High,In Progress,2026-11-20,Research Paper
7,Prepare presentation slides,High,Pending,2026-11-29,Research Paper
16,Prepare presentation slides,High,Pending,2026-11-29,Research Paper
15,Read chapter 4,Low,Pending,2026-11-18,(No Project)
9,Organize files,Low,Pending,2026-11-27,(No Project)
18,Organize files,Low,Pending,2026-11-27,(No Project)
4,Update resume,Low,Pending,2026-12-01,Job Search
13,Update resume,Low,Pending,2026-12-01,Job Search
5,Send follow-up email,Medium,Pending,2026-10-08,Job Search
14,Send follow-up email,Medium,Pending,2026-10-08,Job Search
2,Find three sources,Medium,Pending,2026-11-25,Research Paper
11,Find three sources,Medium,Pending,2026-11-25,Research Paper
3,Outline methodology,Medium,Pending,2026-11-28,Research Paper
12,Outline methodology,Medium,Pending,2026-11-28,Research Paper
8,Proofread report,Medium,Pending,2026-11-30,Research Paper
17,Proofread report,Medium,Pending,2026-11-30,Research Paper
